<?xml version="1.0" encoding="UTF-8"?>
<addon id="plugin.video.hdfilmcehennemi"
version="1.0.0"
name="HdFilmCehennemi"
provider-name="MoZ">
<requires>
  <import addon="xbmc.python" version="2.25.0"/>
</requires>
<extension point="xbmc.python.pluginsource" library="main.py">
  <provides>video</provides>
</extension>
<extension point="xbmc.addon.metadata">
  <summary lang="en">HdFilmCehennemi.Com Video Plugin</summary>
  <description lang="en_GB">HdFilmCehennemi.Com Video Plugin</description>
  <disclaimer lang="en_GB">HdFilmCehennemi.Com Video Plugin</disclaimer>
  <assets>
    <icon>icon.png</icon>
    <fanart>fanart.jpg</fanart>
    <screenshot>resources\screenshot-01.jpg</screenshot>
    <screenshot>resources\screenshot-02.jpg</screenshot>
    <screenshot>resources\screenshot-03.jpg</screenshot>    
  </assets>
  <news></news>
</extension>
</addon>
